{"stats":{"minecraft:picked_up":{"minecraft:crafting_table":2,"ecologics:coconut_planks":3,"minecraft:wheat_seeds":3,"ecologics:coconut_log":13},"minecraft:mined":{"ecologics:coconut_leaves":1,"ecologics:coconut_planks":3,"ecologics:coconut_log":13,"minecraft:crafting_table":2},"minecraft:used":{"minecraft:wooden_axe":16,"minecraft:crafting_table":2,"ecologics:coconut_planks":3},"minecraft:crafted":{"minecraft:crafting_table":1,"ecologics:coconut_planks":52,"minecraft:stick":4,"minecraft:wooden_axe":1},"minecraft:custom":{"minecraft:time_since_rest":4256,"minecraft:play_time":4256,"minecraft:sprint_one_cm":8093,"minecraft:walk_one_cm":5333,"minecraft:jump":84,"minecraft:leave_game":1,"minecraft:time_since_death":4256,"minecraft:walk_on_water_one_cm":87,"minecraft:total_world_time":4256,"minecraft:fly_one_cm":14551,"minecraft:interact_with_crafting_table":1,"minecraft:fall_one_cm":894}},"DataVersion":3465}